<?xml version="1.0"?>
<!DOCTYPE hibernate-mapping PUBLIC "-//Hibernate/Hibernate Mapping DTD 3.0//EN"
"http://www.hibernate.org/dtd/hibernate-mapping-3.0.dtd">
<!-- Generated 9 Jan 2020, 13:22:06 by Hibernate Tools 4.3.1 -->
<hibernate-mapping>
    <class name="ORM_Padron.Comunidad" table="comunidad" catalog="padron" optimistic-lock="version">
        <id name="idCom" type="java.lang.Integer">
            <column name="id_com" />
            <generator class="identity" />
        </id>
        <property name="nomCom" type="string">
            <column name="nom_com" not-null="true" />
        </property>
        <set name="provincias" table="provincia" inverse="true" lazy="true" fetch="select">
            <key>
                <column name="id_comunidad" not-null="true" />
            </key>
            <one-to-many class="ORM_Padron.Provincia" />
        </set>
    </class>
</hibernate-mapping>
