<?xml version="1.0"?>
<!DOCTYPE hibernate-mapping PUBLIC "-//Hibernate/Hibernate Mapping DTD 3.0//EN"
"http://www.hibernate.org/dtd/hibernate-mapping-3.0.dtd">
<!-- Generated 9 Jan 2020, 13:22:06 by Hibernate Tools 4.3.1 -->
<hibernate-mapping>
    <class name="ORM_Padron.Provincia" table="provincia" catalog="padron" optimistic-lock="version">
        <id name="codigoPostal" type="string">
            <column name="codigo_postal" length="2" />
            <generator class="assigned" />
        </id>
        <many-to-one name="comunidad" class="ORM_Padron.Comunidad" fetch="select">
            <column name="id_comunidad" not-null="true" />
        </many-to-one>
        <property name="nomProv" type="string">
            <column name="nom_prov" not-null="true" />
        </property>
        <set name="localidads" table="localidad" inverse="true" lazy="true" fetch="select">
            <key>
                <column name="cod_provincia" length="2" not-null="true" />
            </key>
            <one-to-many class="ORM_Padron.Localidad" />
        </set>
    </class>
</hibernate-mapping>
