<?xml version="1.0"?>
<!DOCTYPE hibernate-mapping PUBLIC "-//Hibernate/Hibernate Mapping DTD 3.0//EN"
"http://www.hibernate.org/dtd/hibernate-mapping-3.0.dtd">
<!-- Generated 02-ago-2018 18:44:58 by Hibernate Tools 4.3.1 -->
<hibernate-mapping>
    <class name="ORM.Proyecto" table="proyecto" catalog="proyecto_orm" optimistic-lock="version">
        <id name="idProy" type="java.lang.Integer">
            <column name="id_proy" />
            <generator class="identity" />
        </id>
        <property name="FInicio" type="date">
            <column name="f_inicio" length="10" not-null="true" />
        </property>
        <property name="FFin" type="date">
            <column name="f_fin" length="10" />
        </property>
        <property name="nomProy" type="string">
            <column name="nom_proy" length="20" not-null="true" />
        </property>
        <set name="proyectoSedes" table="proyecto_sede" inverse="true" lazy="true" fetch="select">
            <key>
                <column name="id_proy" not-null="true" />
            </key>
            <one-to-many class="ORM.ProyectoSede" />
        </set>
    </class>
</hibernate-mapping>
