<?xml version="1.0" encoding="UTF-8"?>
<project-private xmlns="http://www.netbeans.org/ns/project-private/1">
    <editor-bookmarks xmlns="http://www.netbeans.org/ns/editor-bookmarks/2" lastBookmarkId="0"/>
    <open-files xmlns="http://www.netbeans.org/ns/projectui-open-files/2">
        <group name="Tema5_ORM">
            <file>file:/C:/Users/carlos/Documents/NetBeansProjects/ORM_herencia_tabla_por_subclase/src/orm_herencia_tabla_por_subclase/orm_herencia_tabla_por_subclase.java</file>
            <file>file:/C:/Users/carlos/Documents/NetBeansProjects/ORM_herencia_tabla_por_subclase/src/ORM/Publicacion.hbm.xml</file>
        </group>
        <group/>
    </open-files>
</project-private>
