<?xml version="1.0" encoding="UTF-8"?>
<project-private xmlns="http://www.netbeans.org/ns/project-private/1">
    <editor-bookmarks xmlns="http://www.netbeans.org/ns/editor-bookmarks/2" lastBookmarkId="0"/>
    <open-files xmlns="http://www.netbeans.org/ns/projectui-open-files/2">
        <group name="Tema5_ORM">
            <file>file:/C:/Users/carlos/Documents/NetBeansProjects/ORM_Query_SQL/src/ORM_Query_SQL/ORM_Query_SQL.java</file>
        </group>
        <group/>
    </open-files>
</project-private>
